{
"id": "DATANODE_GEOMETRY_2cb0b12b-4bae-4eda-a6ae-5d78d099aba6",
"config_id": "GEOMETRY",
"scope": "<Scope.SCENARIO: 2>",
"storage_type": "json",
"name": null,
"owner_id": "SCENARIO_SCENARIO_WINE_09220824-3af0-48ac-97b6-270635c9980d",
"parent_ids": [
"TASK_ADD_GEOMETRY_7a1b19be-7606-4984-b66f-10181407d2a1"
],
"last_edit_date": "2023-09-15T22:03:27.307129",
"edits": [],
"version": "35183ac3-4042-4751-822f-72938345ebc7",
"validity_days": null,
"validity_seconds": null,
"edit_in_progress": false,
"data_node_properties": {
"default_path": "data/french_wine_bassin_centroids.geojson",
"encoder_name": null,
"encoder_module": null,
"decoder_name": null,
"decoder_module": null
}
}