{
"id": "DATANODE_WINE_PRODUCTION_WITH_GEOMETRY_6ffcf078-1994-4f12-90c5-7fd9843b2a42",
"config_id": "WINE_PRODUCTION_WITH_GEOMETRY",
"scope": "<Scope.SCENARIO: 2>",
"storage_type": "pickle",
"name": null,
"owner_id": "SCENARIO_SCENARIO_WINE_fac8a4ff-2b8f-48bd-a06c-979aa1826390",
"parent_ids": [
"TASK_ADD_GEOMETRY_0b6651e3-3a21-432b-a544-e2d92718ae8b"
],
"last_edit_date": "2023-08-30T20:45:33.162974",
"edits": [
{
"job_id": "JOB_ADD_GEOMETRY_8b476898-e6ba-4fa0-8b3e-2cc7ff003b7c",
"timestamp": {
"__type__": "Datetime",
"__value__": "2023-08-30T20:45:33.162974"
}
}
],
"version": "35183ac3-4042-4751-822f-72938345ebc7",
"validity_days": null,
"validity_seconds": null,
"edit_in_progress": false,
"data_node_properties": {
"is_generated": true
}
}