{
"id": "DATANODE_WINE_PRODUCTION_afc0a467-7d39-4213-bd60-f9d3daf06394",
"config_id": "WINE_PRODUCTION",
"scope": "<Scope.SCENARIO: 2>",
"storage_type": "csv",
"name": null,
"owner_id": "SCENARIO_SCENARIO_WINE_09220824-3af0-48ac-97b6-270635c9980d",
"parent_ids": [
"TASK_ADD_WINE_STATS_64e49b2f-13c9-4b0e-971b-985b9bc6a9a0"
],
"last_edit_date": "2023-09-15T22:03:27.319152",
"edits": [],
"version": "35183ac3-4042-4751-822f-72938345ebc7",
"validity_days": null,
"validity_seconds": null,
"edit_in_progress": false,
"data_node_properties": {
"default_path": "data/wine_harvest_france_aoc_09_19.csv",
"has_header": true,
"exposed_type": "pandas"
}
}