{
"id": "DATANODE_WINE_PRODUCTION_a1bd6526-d783-41ff-8554-a23e7198e482",
"config_id": "WINE_PRODUCTION",
"scope": "<Scope.SCENARIO: 2>",
"storage_type": "csv",
"name": null,
"owner_id": "SCENARIO_SCENARIO_WINE_fac8a4ff-2b8f-48bd-a06c-979aa1826390",
"parent_ids": [
"TASK_ADD_WINE_STATS_6ccd481c-8263-471b-8a63-7a7bd59eec27"
],
"last_edit_date": "2023-08-30T20:45:32.739536",
"edits": [],
"version": "35183ac3-4042-4751-822f-72938345ebc7",
"validity_days": null,
"validity_seconds": null,
"edit_in_progress": false,
"data_node_properties": {
"default_path": "data/wine_harvest_france_aoc_09_19.csv",
"has_header": true,
"exposed_type": "pandas"
}
}