{
"id": "DATANODE_WINE_PRODUCTION_WITH_STATS_efe1df1d-2a46-4b43-8d23-738ba2b03c4a",
"config_id": "WINE_PRODUCTION_WITH_STATS",
"scope": "<Scope.SCENARIO: 2>",
"storage_type": "pickle",
"name": null,
"owner_id": "SCENARIO_SCENARIO_WINE_fac8a4ff-2b8f-48bd-a06c-979aa1826390",
"parent_ids": [
"TASK_ADD_GEOMETRY_0b6651e3-3a21-432b-a544-e2d92718ae8b",
"TASK_ADD_WINE_STATS_6ccd481c-8263-471b-8a63-7a7bd59eec27"
],
"last_edit_date": "2023-08-30T20:45:33.061255",
"edits": [
{
"job_id": "JOB_ADD_WINE_STATS_e9d92549-ac5e-4c74-95c3-b017b3403dbe",
"timestamp": {
"__type__": "Datetime",
"__value__": "2023-08-30T20:45:33.061255"
}
}
],
"version": "35183ac3-4042-4751-822f-72938345ebc7",
"validity_days": null,
"validity_seconds": null,
"edit_in_progress": false,
"data_node_properties": {
"is_generated": true
}
}