{
"id": "DATANODE_WINE_PRODUCTION_WITH_STATS_d8c18549-4cda-4205-957f-153a88486fd7",
"config_id": "WINE_PRODUCTION_WITH_STATS",
"scope": "<Scope.SCENARIO: 2>",
"storage_type": "pickle",
"name": null,
"owner_id": "SCENARIO_SCENARIO_WINE_09220824-3af0-48ac-97b6-270635c9980d",
"parent_ids": [
"TASK_ADD_GEOMETRY_7a1b19be-7606-4984-b66f-10181407d2a1",
"TASK_ADD_WINE_STATS_64e49b2f-13c9-4b0e-971b-985b9bc6a9a0"
],
"last_edit_date": "2023-09-15T22:03:27.638008",
"edits": [
{
"job_id": "JOB_ADD_WINE_STATS_83d8ea22-2e97-45d5-a0dd-d32a3bfebf3b",
"timestamp": {
"__type__": "Datetime",
"__value__": "2023-09-15T22:03:27.638008"
}
}
],
"version": "35183ac3-4042-4751-822f-72938345ebc7",
"validity_days": null,
"validity_seconds": null,
"edit_in_progress": false,
"data_node_properties": {
"is_generated": true
}
}