{
"id": "DATANODE_WINE_PRODUCTION_WITH_GEOMETRY_e3ad2392-cf54-486c-a014-4e907f645757",
"config_id": "WINE_PRODUCTION_WITH_GEOMETRY",
"scope": "<Scope.SCENARIO: 2>",
"storage_type": "pickle",
"name": null,
"owner_id": "SCENARIO_SCENARIO_WINE_09220824-3af0-48ac-97b6-270635c9980d",
"parent_ids": [
"TASK_ADD_GEOMETRY_7a1b19be-7606-4984-b66f-10181407d2a1"
],
"last_edit_date": "2023-09-15T22:03:27.735075",
"edits": [
{
"job_id": "JOB_ADD_GEOMETRY_c90b1713-5b38-483e-824f-56216f926d5b",
"timestamp": {
"__type__": "Datetime",
"__value__": "2023-09-15T22:03:27.735075"
}
}
],
"version": "35183ac3-4042-4751-822f-72938345ebc7",
"validity_days": null,
"validity_seconds": null,
"edit_in_progress": false,
"data_node_properties": {
"is_generated": true
}
}