{
"id": "DATANODE_GEOMETRY_e93570cf-7c36-4c05-b338-8f98d4889c78",
"config_id": "GEOMETRY",
"scope": "<Scope.SCENARIO: 2>",
"storage_type": "json",
"name": null,
"owner_id": "SCENARIO_SCENARIO_WINE_fac8a4ff-2b8f-48bd-a06c-979aa1826390",
"parent_ids": [
"TASK_ADD_GEOMETRY_0b6651e3-3a21-432b-a544-e2d92718ae8b"
],
"last_edit_date": "2023-08-30T20:45:32.736535",
"edits": [],
"version": "35183ac3-4042-4751-822f-72938345ebc7",
"validity_days": null,
"validity_seconds": null,
"edit_in_progress": false,
"data_node_properties": {
"default_path": "data/french_wine_bassin_centroids.geojson",
"encoder_name": null,
"encoder_module": null,
"decoder_name": null,
"decoder_module": null
}
}