{
"id": "JOB_ADD_WINE_STATS_83d8ea22-2e97-45d5-a0dd-d32a3bfebf3b",
"task_id": "TASK_ADD_WINE_STATS_64e49b2f-13c9-4b0e-971b-985b9bc6a9a0",
"status": "<Status.COMPLETED: 7>",
"force": false,
"submit_id": "SUBMISSION_030b07c3-3b88-48d1-8d9a-d56bd869246c",
"creation_date": "2023-09-15T22:03:27.533989",
"subscribers": [
{
"fct_name": "_Orchestrator._on_status_change",
"fct_params": [],
"fct_module": "taipy.core._orchestrator._orchestrator"
}
],
"stacktrace": [],
"version": "35183ac3-4042-4751-822f-72938345ebc7"
}