{
"id": "JOB_ADD_WINE_STATS_e9d92549-ac5e-4c74-95c3-b017b3403dbe",
"task_id": "TASK_ADD_WINE_STATS_6ccd481c-8263-471b-8a63-7a7bd59eec27",
"status": "<Status.COMPLETED: 7>",
"force": false,
"submit_id": "SUBMISSION_27f2a5e0-8fb1-4047-baaa-6629231c7958",
"creation_date": "2023-08-30T20:45:32.957942",
"subscribers": [
{
"fct_name": "_Orchestrator._on_status_change",
"fct_params": [],
"fct_module": "taipy.core._orchestrator._orchestrator"
}
],
"stacktrace": [],
"version": "35183ac3-4042-4751-822f-72938345ebc7"
}