{
"id": "JOB_ADD_GEOMETRY_c90b1713-5b38-483e-824f-56216f926d5b",
"task_id": "TASK_ADD_GEOMETRY_7a1b19be-7606-4984-b66f-10181407d2a1",
"status": "<Status.COMPLETED: 7>",
"force": false,
"submit_id": "SUBMISSION_030b07c3-3b88-48d1-8d9a-d56bd869246c",
"creation_date": "2023-09-15T22:03:27.568989",
"subscribers": [
{
"fct_name": "_Orchestrator._on_status_change",
"fct_params": [],
"fct_module": "taipy.core._orchestrator._orchestrator"
}
],
"stacktrace": [],
"version": "35183ac3-4042-4751-822f-72938345ebc7"
}