{
"id": "JOB_ADD_GEOMETRY_8b476898-e6ba-4fa0-8b3e-2cc7ff003b7c",
"task_id": "TASK_ADD_GEOMETRY_0b6651e3-3a21-432b-a544-e2d92718ae8b",
"status": "<Status.COMPLETED: 7>",
"force": false,
"submit_id": "SUBMISSION_27f2a5e0-8fb1-4047-baaa-6629231c7958",
"creation_date": "2023-08-30T20:45:32.991946",
"subscribers": [
{
"fct_name": "_Orchestrator._on_status_change",
"fct_params": [],
"fct_module": "taipy.core._orchestrator._orchestrator"
}
],
"stacktrace": [],
"version": "35183ac3-4042-4751-822f-72938345ebc7"
}