{
"id": "TASK_ADD_GEOMETRY_7a1b19be-7606-4984-b66f-10181407d2a1",
"owner_id": "SCENARIO_SCENARIO_WINE_09220824-3af0-48ac-97b6-270635c9980d",
"parent_ids": [
"PIPELINE_PIPELINE_WINE_8c6a38dd-3db0-49b2-829d-65947303c23e"
],
"config_id": "ADD_GEOMETRY",
"input_ids": [
"DATANODE_WINE_PRODUCTION_WITH_STATS_d8c18549-4cda-4205-957f-153a88486fd7",
"DATANODE_GEOMETRY_2cb0b12b-4bae-4eda-a6ae-5d78d099aba6"
],
"function_name": "add_geometry",
"function_module": "config.functions",
"output_ids": [
"DATANODE_WINE_PRODUCTION_WITH_GEOMETRY_e3ad2392-cf54-486c-a014-4e907f645757"
],
"version": "35183ac3-4042-4751-822f-72938345ebc7",
"skippable": false,
"properties": {}
}