{
"id": "TASK_ADD_WINE_STATS_64e49b2f-13c9-4b0e-971b-985b9bc6a9a0",
"owner_id": "SCENARIO_SCENARIO_WINE_09220824-3af0-48ac-97b6-270635c9980d",
"parent_ids": [
"PIPELINE_PIPELINE_WINE_8c6a38dd-3db0-49b2-829d-65947303c23e"
],
"config_id": "ADD_WINE_STATS",
"input_ids": [
"DATANODE_WINE_PRODUCTION_afc0a467-7d39-4213-bd60-f9d3daf06394"
],
"function_name": "add_basic_stats",
"function_module": "config.functions",
"output_ids": [
"DATANODE_WINE_PRODUCTION_WITH_STATS_d8c18549-4cda-4205-957f-153a88486fd7"
],
"version": "35183ac3-4042-4751-822f-72938345ebc7",
"skippable": false,
"properties": {}
}