{
"id": "TASK_ADD_WINE_STATS_6ccd481c-8263-471b-8a63-7a7bd59eec27",
"owner_id": "SCENARIO_SCENARIO_WINE_fac8a4ff-2b8f-48bd-a06c-979aa1826390",
"parent_ids": [
"PIPELINE_PIPELINE_WINE_63029e78-aedd-42ce-86fa-606e9bc996d9"
],
"config_id": "ADD_WINE_STATS",
"input_ids": [
"DATANODE_WINE_PRODUCTION_a1bd6526-d783-41ff-8554-a23e7198e482"
],
"function_name": "add_basic_stats",
"function_module": "config.functions",
"output_ids": [
"DATANODE_WINE_PRODUCTION_WITH_STATS_efe1df1d-2a46-4b43-8d23-738ba2b03c4a"
],
"version": "35183ac3-4042-4751-822f-72938345ebc7",
"skippable": false,
"properties": {}
}