{
"id": "TASK_ADD_GEOMETRY_0b6651e3-3a21-432b-a544-e2d92718ae8b",
"owner_id": "SCENARIO_SCENARIO_WINE_fac8a4ff-2b8f-48bd-a06c-979aa1826390",
"parent_ids": [
"PIPELINE_PIPELINE_WINE_63029e78-aedd-42ce-86fa-606e9bc996d9"
],
"config_id": "ADD_GEOMETRY",
"input_ids": [
"DATANODE_WINE_PRODUCTION_WITH_STATS_efe1df1d-2a46-4b43-8d23-738ba2b03c4a",
"DATANODE_GEOMETRY_e93570cf-7c36-4c05-b338-8f98d4889c78"
],
"function_name": "add_geometry",
"function_module": "config.functions",
"output_ids": [
"DATANODE_WINE_PRODUCTION_WITH_GEOMETRY_6ffcf078-1994-4f12-90c5-7fd9843b2a42"
],
"version": "35183ac3-4042-4751-822f-72938345ebc7",
"skippable": false,
"properties": {}
}