{
"id": "35183ac3-4042-4751-822f-72938345ebc7",
"config": "{\n\"TAIPY\": {\n\"root_folder\": \"./taipy/\",\n\"storage_folder\": \".data/\",\n\"clean_entities_enabled\": \"ENV[TAIPY_CLEAN_ENTITIES_ENABLED]\",\n\"repository_type\": \"filesystem\",\n\"read_entity_retry\": \"3:int\"\n},\n\"gui\": {},\n\"JOB\": {\n\"mode\": \"development\",\n\"max_nb_of_workers\": \"1:int\"\n},\n\"CORE\": {\n\"mode\": \"development\",\n\"version_number\": \"\",\n\"force\": \"False:bool\",\n\"clean_entities\": \"False:bool\"\n},\n\"DATA_NODE\": {\n\"default\": {\n\"storage_type\": \"pickle\",\n\"scope\": \"SCENARIO:SCOPE\"\n},\n\"WINE_PRODUCTION\": {\n\"storage_type\": \"csv\",\n\"scope\": \"SCENARIO:SCOPE\",\n\"default_path\": \"data/wine_harvest_france_aoc_09_19.csv\",\n\"has_header\": \"True:bool\",\n\"exposed_type\": \"pandas\"\n},\n\"WINE_PRODUCTION_WITH_COLORS\": {\n\"storage_type\": \"pickle\",\n\"scope\": \"SCENARIO:SCOPE\"\n},\n\"WINE_PRODUCTION_WITH_STATS\": {\n\"storage_type\": \"pickle\",\n\"scope\": \"SCENARIO:SCOPE\"\n},\n\"WINE_PRODUCTION_WITH_GEOMETRY\": {\n\"storage_type\": \"pickle\",\n\"scope\": \"SCENARIO:SCOPE\"\n},\n\"GEOMETRY\": {\n\"storage_type\": \"json\",\n\"scope\": \"SCENARIO:SCOPE\",\n\"default_path\": \"data/french_wine_bassin_centroids.geojson\"\n}\n},\n\"TASK\": {\n\"default\": {\n\"function\": null,\n\"inputs\": [],\n\"outputs\": [],\n\"skippable\": \"False:bool\"\n},\n\"ADD_WINE_COLORS\": {\n\"function\": \"config.functions.add_wine_colors:function\",\n\"inputs\": [],\n\"outputs\": [],\n\"skippable\": \"False:bool\"\n},\n\"ADD_WINE_STATS\": {\n\"function\": \"config.functions.add_basic_stats:function\",\n\"inputs\": [\n\"WINE_PRODUCTION:SECTION\"\n],\n\"outputs\": [\n\"WINE_PRODUCTION_WITH_STATS:SECTION\"\n],\n\"skippable\": \"False:bool\"\n},\n\"ADD_GEOMETRY\": {\n\"function\": \"config.functions.add_geometry:function\",\n\"inputs\": [\n\"WINE_PRODUCTION_WITH_STATS:SECTION\",\n\"GEOMETRY:SECTION\"\n],\n\"outputs\": [\n\"WINE_PRODUCTION_WITH_GEOMETRY:SECTION\"\n],\n\"skippable\": \"False:bool\"\n}\n},\n\"PIPELINE\": {\n\"default\": {\n\"tasks\": []\n},\n\"PIPELINE_WINE\": {\n\"tasks\": [\n\"ADD_WINE_STATS:SECTION\",\n\"ADD_GEOMETRY:SECTION\"\n]\n}\n},\n\"SCENARIO\": {\n\"default\": {\n\"comparators\": {},\n\"pipelines\": [],\n\"frequency\": null\n},\n\"SCENARIO_WINE\": {\n\"comparators\": {},\n\"pipelines\": [\n\"PIPELINE_WINE:SECTION\"\n],\n\"frequency\": null\n}\n}\n}",
"creation_date": "2023-08-30T20:45:32.728599"
}